555,547,556,550,556
555,545,556,550,554
555,545,556,550,554
555,545,556,550,553
555,544,555,550,553
554,543,555,549,552
553,541,555,548,552
552,540,554,548,551
551,537,554,547,551
550,536,554,546,550
548,533,553,545,549
547,531,553,544,548
546,530,552,543,547
545,529,552,542,547
545,527,551,541,545
544,526,550,540,544
543,524,550,539,543
543,522,550,539,542
542,521,549,539,542
542,521,548,539,541
542,523,548,539,541
543,524,548,539,541
543,525,548,541,541
543,527,549,543,540
544,529,550,545,540
545,531,551,548,540
546,534,553,551,539
548,538,554,553,540
549,541,556,556,542
551,545,558,559,544
552,549,560,561,546
554,553,561,561,549
557,556,561,562,552
559,560,562,563,554
562,562,564,563,556
565,563,565,563,558
566,564,566,562,560
567,564,567,562,561
567,565,568,561,561
568,564,568,561,562
568,564,567,560,561
567,562,566,558,561
567,561,566,557,561
566,560,565,555,560
565,558,564,553,559
564,555,563,550,558
563,552,561,549,557
560,548,560,545,555
557,544,558,543,554
555,538,557,541,552
553,536,556,540,551
547,531,554,539,546
545,528,552,538,542
541,526,549,539,538
538,525,547,538,535
536,524,544,538,532
534,524,542,540,530
533,525,539,541,528
533,526,538,542,528
534,529,538,542,528
535,530,537,542,529
536,532,538,541,530
538,534,538,541,531
540,535,539,541,533
541,537,541,543,534
543,539,542,545,535
544,541,543,548,537
545,542,544,549,538
546,542,545,550,540
547,542,546,550,541
